{
  "accuracy": 0.47619047619047616,
  "precision": 0.4444444444444444,
  "recall": 0.8888888888888888,
  "f1": 0.5925925925925926,
  "n_samples": 21,
  "threshold": {
    "strategy": "adaptive_f1"
  }
}